{
  "hash": "db655326",
  "configHash": "5b21004b",
  "lockfileHash": "37acb9eb",
  "browserHash": "0856eb92",
  "optimized": {
    "@angular/common": {
      "src": "../../../../../../node_modules/@angular/common/fesm2022/common.mjs",
      "file": "@angular_common.js",
      "fileHash": "74884442",
      "needsInterop": false
    },
    "@angular/common/http": {
      "src": "../../../../../../node_modules/@angular/common/fesm2022/http.mjs",
      "file": "@angular_common_http.js",
      "fileHash": "c1bb774d",
      "needsInterop": false
    },
    "@angular/core": {
      "src": "../../../../../../node_modules/@angular/core/fesm2022/core.mjs",
      "file": "@angular_core.js",
      "fileHash": "cba7b87a",
      "needsInterop": false
    },
    "@angular/forms": {
      "src": "../../../../../../node_modules/@angular/forms/fesm2022/forms.mjs",
      "file": "@angular_forms.js",
      "fileHash": "67c558ca",
      "needsInterop": false
    },
    "@angular/platform-browser": {
      "src": "../../../../../../node_modules/@angular/platform-browser/fesm2022/platform-browser.mjs",
      "file": "@angular_platform-browser.js",
      "fileHash": "4bbae192",
      "needsInterop": false
    },
    "@angular/router": {
      "src": "../../../../../../node_modules/@angular/router/fesm2022/router.mjs",
      "file": "@angular_router.js",
      "fileHash": "c301d812",
      "needsInterop": false
    }
  },
  "chunks": {
    "chunk-ONYGLEHB": {
      "file": "chunk-ONYGLEHB.js"
    },
    "chunk-SGSBJAZ4": {
      "file": "chunk-SGSBJAZ4.js"
    },
    "chunk-YL4PDYQD": {
      "file": "chunk-YL4PDYQD.js"
    },
    "chunk-4W46YXB2": {
      "file": "chunk-4W46YXB2.js"
    }
  }
}